[
  {
    "id": 1,
    "full_name": "Karmen Fadel",
    "address1": "546 Collin Vista",
    "address2": null,
    "postal_code": 90149,
    "city": "Quebec",
    "country_name": "Canada",
    "country_id": "ca",
    "organisation_id": 1
  },
  {
    "id": 2,
    "full_name": "Lasonya Dietrich Sr.",
    "address1": "37872 Jed Centers",
    "address2": "Apt. 517",
    "postal_code": 36304,
    "city": "Kassandratown",
    "country_name": "Australia",
    "country_id": "au",
    "organisation_id": 1
  },
  {
    "id": 3,
    "full_name": "Ada Stiedemann",
    "address1": null,
    "address2": null,
    "postal_code": null,
    "city": null,
    "country_name": "Denmark",
    "country_id": "dk",
    "organisation_id": 2
  },
  {
    "id": 4,
    "full_name": "Miss Ji Denesik",
    "address1": "540 Schmidt Trail",
    "address2": null,
    "postal_code": "62073-4317",
    "city": "Port Wilfordberg",
    "country_name": "USA",
    "country_id": "us",
    "organisation_id": null
  },
  {
    "id": 5,
    "full_name": "Sherwood Sipes",
    "address1": "967 Weissnat Expressway",
    "address2": null,
    "postal_code": 81096,
    "city": "Blickstad",
    "country_name": "United Kingdom",
    "country_id": "gb",
    "organisation_id": 3
  }
]
